task,technique,metric,n,point,ci_low,ci_high,best_technique,diff_from_best,diff_ci_low,diff_ci_high,best_significantly_better
sentiment,few_shot_cot,macro_f1,100,0.7159,0.6175,0.8003,few_shot_cot,0.0,0.0,0.0,False
sentiment,few_shot,macro_f1,100,0.6924,0.5948,0.7804,few_shot_cot,0.0235,-0.047,0.0975,False
sentiment,role,macro_f1,100,0.6673,0.5734,0.75,few_shot_cot,0.0486,-0.0218,0.119,False
sentiment,zero_shot,macro_f1,100,0.6663,0.5678,0.7583,few_shot_cot,0.0496,-0.0189,0.1143,False
sentiment,structured_output,macro_f1,100,0.6583,0.5674,0.7454,few_shot_cot,0.0576,-0.0094,0.1212,False
sentiment,cot,macro_f1,100,0.6577,0.563,0.7459,few_shot_cot,0.0582,-0.0166,0.1212,False
sentiment,self_consistency,macro_f1,100,0.6309,0.5352,0.7207,few_shot_cot,0.085,0.0216,0.1513,True
sentiment,reformulation,macro_f1,100,0.6047,0.5044,0.6986,few_shot_cot,0.1113,0.052,0.183,True
paraphrase,reformulation,macro_f1,100,0.7472,0.6467,0.84,reformulation,0.0,0.0,0.0,False
paraphrase,role,macro_f1,100,0.7335,0.6314,0.8264,reformulation,0.0137,-0.0275,0.0575,False
paraphrase,self_consistency,macro_f1,100,0.727,0.6353,0.8164,reformulation,0.0202,-0.0523,0.0888,False
paraphrase,zero_shot,macro_f1,100,0.704,0.6028,0.7899,reformulation,0.0433,-0.023,0.1045,False
paraphrase,few_shot,macro_f1,100,0.697,0.5964,0.785,reformulation,0.0503,-0.0155,0.1164,False
paraphrase,few_shot_cot,macro_f1,100,0.6923,0.5967,0.7868,reformulation,0.0549,-0.0069,0.1179,False
paraphrase,structured_output,macro_f1,100,0.6495,0.5494,0.7398,reformulation,0.0978,0.0132,0.1776,True
paraphrase,cot,macro_f1,100,0.6464,0.5434,0.7405,reformulation,0.1009,0.0317,0.1763,True
ner,reformulation,entity_f1,100,0.7692,0.6939,0.8344,reformulation,0.0,0.0,0.0,False
ner,few_shot,entity_f1,100,0.7573,0.6892,0.8138,reformulation,0.0119,-0.0259,0.05,False
ner,cot,entity_f1,100,0.7524,0.6908,0.8079,reformulation,0.0169,-0.0242,0.0514,False
ner,structured_output,entity_f1,100,0.7516,0.6801,0.8146,reformulation,0.0176,-0.0222,0.0557,False
ner,self_consistency,entity_f1,100,0.75,0.6821,0.8079,reformulation,0.0192,-0.02,0.0552,False
ner,zero_shot,entity_f1,100,0.75,0.6804,0.8139,reformulation,0.0192,-0.0099,0.0484,False
ner,role,entity_f1,100,0.7483,0.6778,0.8131,reformulation,0.0209,-0.0139,0.0503,False
ner,few_shot_cot,entity_f1,100,0.6957,0.6121,0.7762,reformulation,0.0736,0.0235,0.1207,True
qa,reformulation,exact_match,100,0.59,0.5,0.68,reformulation,0.0,0.0,0.0,False
qa,few_shot,exact_match,100,0.55,0.46,0.64,reformulation,0.04,-0.04,0.11,False
qa,role,exact_match,100,0.55,0.46,0.64,reformulation,0.04,-0.0402,0.1202,False
qa,structured_output,exact_match,100,0.55,0.46,0.64,reformulation,0.04,-0.04,0.11,False
qa,cot,exact_match,100,0.53,0.43,0.63,reformulation,0.06,-0.02,0.13,False
qa,few_shot_cot,exact_match,100,0.52,0.43,0.62,reformulation,0.07,-0.01,0.14,False
qa,zero_shot,exact_match,100,0.51,0.42,0.61,reformulation,0.08,0.01,0.15,True
summarisation,few_shot_cot,rouge_l,100,0.1801,0.1679,0.1931,few_shot_cot,0.0,0.0,0.0,False
summarisation,structured_output,rouge_l,100,0.18,0.1618,0.1962,few_shot_cot,0.0001,-0.0148,0.0158,False
summarisation,zero_shot,rouge_l,100,0.1774,0.163,0.1923,few_shot_cot,0.0027,-0.0075,0.0136,False
summarisation,few_shot,rouge_l,100,0.1761,0.1633,0.1901,few_shot_cot,0.004,-0.0069,0.0143,False
summarisation,role,rouge_l,100,0.1739,0.1584,0.1884,few_shot_cot,0.0062,-0.0046,0.0173,False
summarisation,cot,rouge_l,100,0.1715,0.159,0.1841,few_shot_cot,0.0086,0.0001,0.0184,True
summarisation,reformulation,rouge_l,100,0.1709,0.155,0.1855,few_shot_cot,0.0092,-0.0039,0.0231,False
