timestamp,technique,task,language,example_id,before_status,before_prediction,after_status,after_prediction
2026-07-21 22:32:43,zero_shot,ner,english,9,failed,[],ok,"[('Hoosier Pass', 'LOCATION'), ('Mount Silverheels', 'LOCATION'), ('Tenmile Range', 'LOCATION')]"
2026-07-21 22:34:11,zero_shot,ner,english,12,failed,[],ok,"[('Vietnam', 'LOCATION')]"
2026-07-21 22:35:55,zero_shot,ner,english,15,failed,[],failed,[]
2026-07-22 09:17:41,zero_shot,ner,english,15,failed,[],ok,"[('South and Southeast Asia', 'LOCATION'), ('Java', 'LOCATION')]"
2026-07-22 09:19:37,zero_shot,ner,english,25,failed,[],failed,[]
2026-07-22 09:21:15,zero_shot,ner,english,46,failed,[],ok,"[('Salmonella', 'OTHER')]"
2026-07-22 09:22:39,zero_shot,ner,english,47,failed,[],ok,"[('Major Dmitry Pavlutsky', 'PERSON')]"
2026-07-22 09:26:21,zero_shot,ner,english,49,failed,[],ok,"[('1885', 'OTHER'), ('tuberculosis', 'OTHER')]"
2026-07-22 09:27:54,zero_shot,ner,english,66,failed,[],failed,[]
2026-07-22 09:30:26,zero_shot,ner,english,85,failed,[],ok,"[('Hendrik Petrus Berlage', 'PERSON')]"
2026-07-22 10:03:58,cot,sentiment,english,48,ok,Negative,ok,Neutral
2026-07-23 21:21:16,self_consistency,ner,english,3,failed,[],ok,[]
2026-07-23 21:22:04,self_consistency,ner,english,5,failed,[],ok,"[('1990', 'OTHER'), ('Bulgarian Communist Party', 'ORGANIZATION')]"
2026-07-23 21:23:30,self_consistency,ner,english,18,failed,[],ok,[]
2026-07-23 21:24:56,self_consistency,ner,english,56,failed,[],ok,[]
2026-07-23 21:27:10,self_consistency,ner,english,82,failed,[],ok,[]
2026-07-23 21:28:11,self_consistency,ner,english,65,failed,[],ok,[]
2026-07-23 21:28:53,self_consistency,ner,english,0,failed,[],ok,[]
2026-07-25 19:58:33,zero_shot,qa,english,97,failed,[PARSE_FAILURE],failed,[PARSE_FAILURE]
2026-07-25 20:03:35,zero_shot,qa,english,5,failed,[PARSE_FAILURE],failed,[PARSE_FAILURE]
2026-07-25 20:04:06,zero_shot,qa,english,15,failed,[PARSE_FAILURE],failed,[PARSE_FAILURE]
2026-07-25 20:04:38,zero_shot,qa,english,16,failed,[PARSE_FAILURE],failed,[PARSE_FAILURE]
2026-07-25 20:05:10,zero_shot,qa,english,21,failed,[PARSE_FAILURE],failed,[PARSE_FAILURE]
2026-07-25 20:05:41,zero_shot,qa,english,23,failed,[PARSE_FAILURE],ok,Owl
2026-07-25 20:06:13,zero_shot,qa,english,30,failed,[PARSE_FAILURE],failed,[PARSE_FAILURE]
2026-07-25 20:06:45,zero_shot,qa,english,32,failed,[PARSE_FAILURE],failed,[PARSE_FAILURE]
2026-07-25 20:07:16,zero_shot,qa,english,37,failed,[PARSE_FAILURE],failed,[PARSE_FAILURE]
2026-07-25 20:07:49,zero_shot,qa,english,38,failed,[PARSE_FAILURE],failed,[PARSE_FAILURE]
2026-07-25 20:08:20,zero_shot,qa,english,49,failed,[PARSE_FAILURE],failed,[PARSE_FAILURE]
2026-07-25 21:15:01,zero_shot,qa,english,5,failed,[PARSE_FAILURE],failed,[PARSE_FAILURE]
2026-07-25 21:16:13,zero_shot,qa,english,15,failed,[PARSE_FAILURE],failed,[PARSE_FAILURE]
2026-07-25 22:30:34,zero_shot,qa,english,54,failed,[PARSE_FAILURE],failed,[PARSE_FAILURE]
2026-07-26 10:47:33,role,qa,english,8,failed,[PARSE_FAILURE],ok,Haitian Revolution
2026-07-26 12:42:34,few_shot_cot,qa,english,41,ok,Ferdinand Marcos,ok,Ferdinand Marcos
2026-07-26 12:43:11,few_shot_cot,qa,english,39,failed,[PARSE_FAILURE],failed,[PARSE_FAILURE]
2026-07-26 17:44:47,structured_output,summarisation,english,48,failed,[PARSE_FAILURE],failed,[PARSE_FAILURE]
2026-07-27 12:17:28,zero_shot,summarisation,english,60,failed,[PARSE_FAILURE],ok,"Karam and Kartari Chand, a 106‑ and 99‑year‑old Sikh couple from Punjab, claim to be the UK’s longest‑married pair after 86 years together, attributing their longevity to a moderate lifestyle, family support, and active engagement in daily life."
2026-07-27 12:19:27,zero_shot,summarisation,english,68,failed,[PARSE_FAILURE],ok,"The article reports that a false poll claiming President Uhuru Kenyatta will win the August election has circulated on social media, prompting the BBC to urge Kenyans to verify news and highlighting widespread misinformation despite traditional media remaining the most trusted source."
2026-07-27 12:20:24,zero_shot,summarisation,english,69,failed,[PARSE_FAILURE],ok,"Africa’s rapid digital growth has spurred governments to enact sweeping cyber‑crime and internet‑control laws that, while aimed at curbing threats, risk stifling free expression and enabling authoritarian suppression of dissent."
2026-07-27 12:22:31,zero_shot,summarisation,english,71,failed,[PARSE_FAILURE],ok,"A Chinese-made Y-8 transport crashed into the Andaman Sea on 7 June after the pilot lost control in a storm, killing all 14 aboard and marking one of Myanmar’s worst aviation disasters."
2026-07-27 12:23:34,zero_shot,summarisation,english,72,failed,[PARSE_FAILURE],ok,"Celtic’s latest transfer window saw a mix of high‑profile loans and sales, with the club acquiring players like Colin Kazim‑Richards and Erik Sviatchenko while offloading others such as Osman Sow, all aimed at bolstering the squad amid a fierce title challenge."
2026-07-27 21:48:45,cot,summarisation,english,56,failed,[PARSE_FAILURE],ok,"The article reports that a FTSE 250 company saw a 16% profit rise to £73.5 m despite lower customer switching due to low rates, while Go‑Ahead’s shares fell 14% after warning of lower profits from rail strikes, and the FTSE 100 edged up with Babcock rising, as the pound slipped slightly against the dollar and euro."
2026-07-31 09:11:13,zero_shot,paraphrase,english,22,failed,[PARSE_FAILURE],ok,Paraphrase
2026-07-31 09:12:14,zero_shot,paraphrase,english,34,ok,Not Paraphrase,ok,Not Paraphrase
2026-07-31 09:12:59,zero_shot,paraphrase,english,37,failed,[PARSE_FAILURE],ok,Not Paraphrase
2026-08-05 22:33:41,self_consistency,paraphrase,english,59,failed,[PARSE_FAILURE],ok,Paraphrase
2026-08-05 22:34:52,self_consistency,paraphrase,english,80,failed,[PARSE_FAILURE],ok,Not Paraphrase
2026-08-07 20:47:27,reformulation,qa,english,65,failed,[PARSE_FAILURE],ok,Skein
2026-08-07 20:48:55,reformulation,qa,english,65,ok,Skein,ok,Skein
2026-08-07 20:55:50,zero_shot,paraphrase,english,35,failed,[PARSE_FAILURE],ok,Not Paraphrase
2026-08-07 20:57:26,zero_shot,paraphrase,english,39,failed,[PARSE_FAILURE],ok,Paraphrase
2026-08-07 20:58:16,zero_shot,paraphrase,english,40,failed,[PARSE_FAILURE],ok,Not Paraphrase
2026-08-07 20:59:21,zero_shot,paraphrase,english,41,failed,[PARSE_FAILURE],ok,Paraphrase
2026-08-07 21:01:09,zero_shot,paraphrase,english,43,failed,[PARSE_FAILURE],ok,Not Paraphrase
2026-08-07 21:03:16,zero_shot,paraphrase,english,78,failed,[PARSE_FAILURE],failed,[PARSE_FAILURE]
2026-08-07 21:09:37,reformulation,summarisation,english,72,failed,[PARSE_FAILURE],ok,Celtic’s latest loan and transfer activity focuses on extracting maximum value from new signings like Colin Kazim‑Richards and Patrick Roberts while managing risk amid a tight budget.
2026-08-07 21:12:56,reformulation,summarisation,english,99,failed,[PARSE_FAILURE],ok,"Seventeen‑year‑old Amy Simpson died when her car left the road near Dalavich, Loch Awe, while four other passengers escaped uninjured."
2026-08-07 21:18:04,few_shot_cot,paraphrase,english,23,failed,[PARSE_FAILURE],ok,Not Paraphrase
2026-08-07 21:19:17,few_shot_cot,paraphrase,english,53,failed,[PARSE_FAILURE],ok,Not Paraphrase
2026-08-07 21:23:32,few_shot_cot,ner,english,40,failed,[],ok,"[('15 March 2001', 'DATE'), ('Torquay United', 'ORGANIZATION')]"
2026-08-07 21:24:34,few_shot_cot,ner,english,41,failed,[],ok,"[('John C. Spencer', 'PERSON'), ('Elijah White', 'PERSON'), ('July 1845', 'DATE')]"
2026-08-07 21:26:21,few_shot_cot,ner,english,42,failed,[],ok,"[('Roanoke River', 'LOCATION')]"
2026-08-07 21:27:28,few_shot_cot,ner,english,44,failed,[],ok,"[('ZagrebDox', 'EVENT')]"
2026-08-07 21:29:25,few_shot_cot,ner,english,45,failed,[],ok,"[(""Kellogg's Sugar Smacks"", 'ORGANIZATION'), ('1953', 'DATE')]"
2026-08-07 21:31:29,few_shot_cot,ner,english,79,failed,[],ok,"[('David Phelps', 'PERSON')]"
2026-08-07 21:32:18,few_shot_cot,ner,english,80,failed,[],ok,"[('Iraq', 'LOCATION')]"
2026-08-07 21:58:17,cot,summarisation,english,23,failed,[PARSE_FAILURE],ok,"A £100,000 reward has been announced to encourage information that could lead to the conviction of Charlene Downes' killers or the recovery of her body, with police urging anyone with knowledge to come forward amid past investigative failures and a planned appeal during a local football match."
2026-08-07 22:22:49,cot,summarisation,english,26,failed,[PARSE_FAILURE],ok,"The article reports that UK politicians, including Prime Minister Boris Cameron and Defence Secretary Michael Fallon, have apologized for falsely accusing London Mayor Sadiq Khan’s associate Suliman Gani of supporting the Islamic State, a claim that Gani has denied and said is defamatory, prompting calls for further apologies and a review of Islamophobia within the Conservative Party."
2026-08-07 22:25:34,cot,summarisation,english,55,failed,[PARSE_FAILURE],ok,"Daniel Radcliffe, famed for Harry Potter, has earned praise for his role as Rosencrantz in a new Old Vic production of Tom Stoppard’s comedy, with critics noting his energetic performance while the play itself receives mixed reviews."
2026-08-07 22:29:01,cot,summarisation,english,25,failed,[PARSE_FAILURE],ok,"Scientists report that a 2015/16 heatwave caused a 40% coral die‑off at Dongsha Atoll, showing that even a 2°C global temperature rise can trigger catastrophic bleaching in shallow reefs, underscoring the need for drastic climate action."
